id,firstname,lastname,email,email2,profession
100,Layla,Drus,Layla.Drus@yopmail.com,Layla.Drus@gmail.com,doctor
101,Raquela,Weinreb,Raquela.Weinreb@yopmail.com,Raquela.Weinreb@gmail.com,firefighter
102,Taffy,Donell,Taffy.Donell@yopmail.com,Taffy.Donell@gmail.com,developer
103,Mathilda,Grosz,Mathilda.Grosz@yopmail.com,Mathilda.Grosz@gmail.com,firefighter
104,Orsola,Thad,Orsola.Thad@yopmail.com,Orsola.Thad@gmail.com,firefighter
105,Lynnea,Frendel,Lynnea.Frendel@yopmail.com,Lynnea.Frendel@gmail.com,developer
106,Allyce,Kristi,Allyce.Kristi@yopmail.com,Allyce.Kristi@gmail.com,police officer
107,Sadie,Croix,Sadie.Croix@yopmail.com,Sadie.Croix@gmail.com,police officer
108,Ayn,Modie,Ayn.Modie@yopmail.com,Ayn.Modie@gmail.com,developer
109,Stevana,Kendrick,Stevana.Kendrick@yopmail.com,Stevana.Kendrick@gmail.com,doctor